{"cameraMode":{"drawMode":0,"name":"Shaded","section":"Shading Mode"},"sceneLighting":false,"audioPlay":false,"sceneViewState":{"showFog":true,"showMaterialUpdate":false,"showSkybox":true,"showFlares":true,"showImageEffects":true,"showParticleSystems":true},"in2DMode":false,"pivot":{"x":1.909999966621399,"y":1.5,"z":-0.007596015930175781},"rotation":{"x":-0.08300605416297913,"y":0.001494804979301989,"z":-0.0001245247112819925,"w":-0.9965479969978333},"size":4.019774436950684,"orthographic":false}