{"cameraMode":{"drawMode":0,"name":"Shaded","section":"Shading Mode"},"sceneLighting":true,"audioPlay":false,"sceneViewState":{"showFog":true,"showMaterialUpdate":false,"showSkybox":true,"showFlares":true,"showImageEffects":true,"showParticleSystems":true},"in2DMode":false,"pivot":{"x":-2.4498586654663088,"y":2.00297212600708,"z":-4.904785633087158},"rotation":{"x":0.004895727150142193,"y":0.9677819013595581,"z":-0.01887460984289646,"w":0.2510339319705963},"size":4.87519645690918,"orthographic":false}