{"cameraMode":{"drawMode":0,"name":"Shaded","section":"Shading Mode"},"sceneLighting":false,"audioPlay":false,"sceneViewState":{"showFog":true,"showMaterialUpdate":false,"showSkybox":true,"showFlares":true,"showImageEffects":true,"showParticleSystems":true},"in2DMode":false,"pivot":{"x":0.30000001192092898,"y":0.809999942779541,"z":-8.930000305175782},"rotation":{"x":0.035555168986320499,"y":-0.15526743233203889,"z":0.005592044442892075,"w":0.987216591835022},"size":31.528562545776368,"orthographic":false}