{"cameraMode":{"drawMode":0,"name":"Shaded","section":"Shading Mode"},"sceneLighting":false,"audioPlay":false,"sceneViewState":{"showFog":true,"showMaterialUpdate":false,"showSkybox":true,"showFlares":true,"showImageEffects":true,"showParticleSystems":true},"in2DMode":false,"pivot":{"x":3.913846492767334,"y":3.0021040439605715,"z":0.9829063415527344},"rotation":{"x":-0.0014943266287446023,"y":-0.08689019829034805,"z":-0.00013033548020757735,"w":0.9962167739868164},"size":19.433610916137697,"orthographic":false}