{"cameraMode":{"drawMode":0,"name":"Shaded","section":"Shading Mode"},"sceneLighting":false,"audioPlay":false,"sceneViewState":{"showFog":true,"showMaterialUpdate":false,"showSkybox":true,"showFlares":true,"showImageEffects":true,"showParticleSystems":true},"in2DMode":false,"pivot":{"x":0.6221199035644531,"y":1.0294649600982667,"z":0.7078418731689453},"rotation":{"x":0.035555168986320499,"y":-0.15526743233203889,"z":0.005592044442892075,"w":0.987216591835022},"size":9.99852180480957,"orthographic":false}