{"cameraMode":{"drawMode":0,"name":"Shaded","section":"Shading Mode"},"sceneLighting":false,"audioPlay":false,"sceneViewState":{"showFog":true,"showMaterialUpdate":false,"showSkybox":true,"showFlares":true,"showImageEffects":true,"showParticleSystems":true},"in2DMode":false,"pivot":{"x":0.0,"y":1.2999999523162842,"z":26.639999389648439},"rotation":{"x":-0.00502668134868145,"y":0.5459203720092773,"z":0.003275184892117977,"w":0.8378156423568726},"size":6.858922481536865,"orthographic":false}