{"cameraMode":{"drawMode":0,"name":"Shaded","section":"Shading Mode"},"sceneLighting":false,"audioPlay":false,"sceneViewState":{"showFog":true,"showMaterialUpdate":false,"showSkybox":true,"showFlares":true,"showImageEffects":true,"showParticleSystems":true},"in2DMode":false,"pivot":{"x":1.8964786529541016,"y":1.6564894914627076,"z":0.19501352310180665},"rotation":{"x":0.06529315561056137,"y":-0.25022268295288088,"z":0.016915732994675638,"w":0.9658360481262207},"size":7.7701849937438969,"orthographic":false}