{"cameraMode":{"drawMode":0,"name":"Shaded","section":"Shading Mode"},"sceneLighting":false,"audioPlay":false,"sceneViewState":{"showFog":false,"showMaterialUpdate":false,"showSkybox":false,"showFlares":false,"showImageEffects":false,"showParticleSystems":true},"in2DMode":false,"pivot":{"x":0.5924899578094482,"y":1.6167279481887818,"z":-17.85165786743164},"rotation":{"x":-0.06780627369880676,"y":0.6056674122810364,"z":-0.05191115289926529,"w":-0.7911223769187927},"size":0.20208078622817994,"orthographic":false}