{"cameraMode":{"drawMode":0,"name":"Shaded","section":"Shading Mode"},"sceneLighting":false,"audioPlay":false,"sceneViewState":{"showFog":false,"showMaterialUpdate":false,"showSkybox":false,"showFlares":false,"showImageEffects":false,"showParticleSystems":true},"in2DMode":false,"pivot":{"x":-0.41143131256103518,"y":0.5290324687957764,"z":27.05788803100586},"rotation":{"x":-0.1360776275396347,"y":0.7546292543411255,"z":-0.16558316349983216,"w":-0.6201611757278442},"size":5.952182769775391,"orthographic":false}