{"cameraMode":{"drawMode":0,"name":"Shaded","section":"Shading Mode"},"sceneLighting":true,"audioPlay":false,"sceneViewState":{"showFog":false,"showMaterialUpdate":false,"showSkybox":false,"showFlares":false,"showImageEffects":false,"showParticleSystems":true},"in2DMode":false,"pivot":{"x":0.0134282186627388,"y":2.521873950958252,"z":-19.758451461791993},"rotation":{"x":0.000870134390424937,"y":0.9978297352790833,"z":-0.06444945186376572,"w":0.013471446931362152},"size":26.102020263671876,"orthographic":false}